{"1502.00544v1": 279, "2605.04600v1": 276, "2605.09483v1": 275, "2504.15585v4": 304, "1810.07620v3": 280, "2605.26115v1": 253, "2605.26099v1": 152, "2605.26083v1": 248, "2605.26081v1": 156, "2605.26059v1": 254, "2605.26050v1": 206, "2605.26044v1": 181, "2605.26042v1": 218, "2605.26040v1": 207, "2605.26037v1": 232}