{"2605.30354v1": 110, "2605.30352v1": 166, "2605.30347v1": 187, "2605.30346v1": 146, "2605.30345v1": 171, "2605.30344v1": 160, "2605.30341v1": 112, "2605.30338v1": 207, "2605.30336v1": 136, "2605.30333v1": 171, "2605.30328v1": 232, "2605.30327v1": 193, "2605.30320v1": 139, "2605.30312v1": 226, "2605.30310v1": 239, "2605.30305v1": 157, "2605.30303v1": 220, "2605.30295v1": 136, "2605.30291v1": 196, "2605.30289v1": 211, "2605.30271v1": 101, "2605.30265v1": 233, "2605.30257v1": 142, "2605.30254v1": 115, "2605.30250v1": 165, "2605.30236v1": 231, "2605.30235v1": 118, "2605.30232v1": 218, "2605.30231v1": 214, "2605.30230v1": 184}