{"1502.00544v1": 279, "2605.04600v1": 276, "2605.09483v1": 275, "2504.15585v4": 304, "1810.07620v3": 280, "2504.15690v1": 281, "2511.07577v1": 270, "2605.03832v1": 288, "2604.01467v1": 284, "2605.09515v1": 294, "2601.05263v1": 295, "2511.07573v2": 277, "A Kinetic Model for Cell Damage Caused by Oligomer Formation 1411.7557v1": 314, "2504.15610v3": 288, "2409.06712v1": 224, "2604.17225v1": 287, "2410.07899v2": 274, "2504.19753v1": 296, "2605.13905v1": 262, "2605.09283v1": 296, "2410.04438v1": 275, "2511.05684v1": 300, "2511.03351v2": 291, "2504.21100v1": 288, "2408.02099v1": 287, "2511.03209v1": 313, "2601.07838v1": 296, "1501.01469v1": 303, "2605.12685v1": 266, "2604.17323v1": 309, "1501.00022v1": 300, "2604.17073v1": 288, "2408.04163v2": 293, "2511.06688v1": 283, "2605.04532v1": 284, "2604.01562v1": 292, "2504.15961v1": 303, "2605.12954v1": 288, "2605.09623v1": 295, "2410.06884v2": 294, "2605.12771v1": 271, "2604.01413v2": 303, "Adsorption at Liquid Interfaces Induces Amyloid Fibril Bending and Ring Formation 1410.6780v2": 290, "2504.21475v1": 146, "2511.08476v1": 293, "2504.19021v2": 291, "2408.15568v1": 303, "2605.12694v1": 281, "2604.00835v1": 280, "2605.12925v1": 278}