{"1502.00544v1": 245, "2605.04600v1": 246, "2605.09483v1": 232, "2504.15585v4": 299, "1810.07620v3": 235, "2504.15690v1": 242, "2511.07577v1": 241, "2605.03832v1": 246, "2604.01467v1": 256, "2605.09515v1": 272, "2601.05263v1": 262, "2511.07573v2": 238, "A Kinetic Model for Cell Damage Caused by Oligomer Formation 1411.7557v1": 257, "2504.15610v3": 250, "2409.06712v1": 204, "2604.17225v1": 257, "2410.07899v2": 229, "2504.19753v1": 243, "2605.13905v1": 232, "2605.09283v1": 259, "2410.04438v1": 245, "2511.05684v1": 266, "2511.03351v2": 252, "2504.21100v1": 247, "2408.02099v1": 257, "2511.03209v1": 241, "2601.07838v1": 258, "1501.01469v1": 268, "2605.12685v1": 237, "2604.17323v1": 285, "1501.00022v1": 257, "2604.17073v1": 259, "2408.04163v2": 264, "2511.06688v1": 244, "2605.04532v1": 238, "2604.01562v1": 255, "2504.15961v1": 254, "2605.12954v1": 263, "2605.09623v1": 261, "2410.06884v2": 258, "2605.12771v1": 246, "2604.01413v2": 278, "Adsorption at Liquid Interfaces Induces Amyloid Fibril Bending and Ring Formation 1410.6780v2": 267, "2504.21475v1": 133, "2511.08476v1": 243, "2504.19021v2": 253, "2408.15568v1": 257, "2605.12694v1": 231, "2604.00835v1": 247, "2605.12925v1": 247, "2511.08325v1": 257, "2604.17609v1": 275, "2505.02856v1": 255, "2504.18044v1": 263, "2409.02017v1": 253, "2409.12922v1": 253, "2408.10229v1": 237, "2605.04672v1": 229, "2408.10365v1": 262, "2605.13907v1": 249, "2605.10819v2": 255, "2605.10801v1": 253, "2511.11255v2": 256, "2605.09476v1": 238, "2604.17325v1": 264, "Allosteric Communication Pathways and Thermal Rectification in PDZ-2 Protein A Computational Study 1412.7695v2": 234, "2504.14636v2": 193, "2605.15220v1": 266, "2605.13010v1": 239, "2605.13046v1": 239, "1505.01141v1": 276, "2605.11006v1": 268, "2605.18839v1": 249, "2511.05885v3": 259, "2505.00039v5": 244, "Analysis of kinesin mechanochemistry via simulated annealing 1411.4582v1": 242, "2605.12929v1": 235, "2604.25931v1": 248, "2604.17377v1": 261, "2504.15421v1": 238, "2605.03652v3": 232, "Anisotropic membrane curvature sensing by amphipathic peptides 1412.2371v5": 252, "2605.03624v1": 243, "2604.17487v2": 274, "2605.09622v1": 255, "2410.09282v1": 249, "2604.17255v1": 259, "2604.01432v2": 242, "2504.15504v1": 267, "2604.17366v1": 246, "2605.11091v1": 252, "Aspects of structural landscape of human islet amyloid polypeptide 1412.7972v1": 262, "2605.10876v1": 249, "2605.12845v1": 254, "2604.01410v1": 264, "2505.06238v1": 242, "2511.04901v1": 279, "2604.25930v1": 252, "2410.00574v1": 244, "2604.17663v1": 260, "Atomic Torsional Modal Analysis for high-resolution proteins 1412.6551v2": 261, "2605.09425v1": 242, "2605.10871v2": 264, "2605.04045v1": 234, "2604.17079v1": 265, "2605.04469v1": 233, "2605.12937v1": 250, "2408.11864v1": 245, "2605.18833v1": 239, "2504.14630v1": 237, "2504.20115v2": 256, "2408.13929v2": 239, "2410.00116v4": 240, "2605.12843v1": 259, "1501.03971v1": 252, "2605.10867v2": 248, "2604.17707v1": 255, "2605.12730v1": 236, "2605.10865v2": 246, "2604.00913v1": 258, "2504.12558v1": 261, "2605.04576v1": 229, "2605.10822v1": 248, "2605.09292v1": 251, "2604.17022v2": 251, "2605.12894v1": 262, "2604.01853v1": 228, "2605.09310v1": 246, "2604.17574v1": 261, "2604.17293v1": 268, "2604.17188v2": 262, "2511.03228v1": 253, "2605.10901v1": 256, "2511.02770v1": 263, "2604.17020v1": 268, "2504.13674v1": 246, "2604.00890v1": 261, "2504.10726v1": 242, "2604.17108v1": 268, "2511.08029v2": 265, "2511.08378v3": 270, "2504.20081v3": 263, "2504.19105v3": 256, "2408.02013v1": 241, "2605.03873v1": 254, "2604.01152v1": 256, "2410.07685v1": 254, "Breakout character of islet amyloid polypeptide hydrophobic mutations at the onset of type-2 diabetes 1411.1672v1": 273, "2605.05267v1": 259, "2409.05880v2": 259, "2504.12443v2": 241, "2605.04289v1": 259, "2604.17316v1": 254, "2604.17200v1": 260, "2505.01900v1": 262, "2511.06635v1": 286, "2504.20119v2": 255, "2605.04024v1": 247, "2504.20237v1": 275, "2605.04229v1": 255, "2511.04080v2": 239, "2605.10903v1": 246, "2604.01113v1": 249, "2604.17299v2": 259, "2410.08849v2": 252, "Cavity as a source of conformational fluctuation and high-energy state High-pressure NMR study of a cavity-enlarged muta 1412.1514v1": 264, "2511.06982v1": 265, "2605.09350v1": 253, "2605.12718v1": 243, "2408.09416v2": 249, "2604.17614v1": 256, "2605.04534v1": 282, "Characterizing the bending and flexibility induced by bulges in DNA duplexes 1412.6309v1": 259, "2409.03779v1": 268, "2605.12857v1": 306, "1502.05331v1": 267, "1502.07075v1": 253, "2504.18527v1": 245, "2511.03620v1": 266, "2605.10817v1": 245, "2605.10840v2": 268, "2504.16264v2": 261, "2504.18807v1": 281, "2605.10860v1": 268, "2504.14531v1": 224, "2408.13386v4": 240, "2605.09584v1": 253, "2408.09819v1": 260, "2504.12488v2": 249, "2604.17501v1": 274, "2408.03910v2": 266, "2605.13038v1": 255, "2604.17178v1": 269, "2604.25928v1": 248, "2505.02055v1": 263, "Communication over the network of binary switches regulates the activation of A 2A adenosine receptor 1411.5360v1": 259, "2604.17085v1": 277, "2408.14929v2": 236, "2511.07055v3": 257, "2511.08480v3": 261, "2504.11671v4": 246, "2605.10875v1": 259, "1502.05592v1": 278, "2604.17716v1": 256, "2605.10847v1": 276, "2409.20124v1": 250, "2409.19129v4": 243, "2605.04618v1": 247, "2408.12572v3": 253, "2511.06668v2": 259, "2604.17398v1": 242, "2605.11135v1": 253, "2605.12713v2": 240, "2605.12968v1": 249, "2511.04221v1": 267, "2604.17633v1": 252, "2605.11159v1": 242, "2605.12980v1": 248, "2408.08434v2": 263, "2408.05912v1": 257, "2605.12809v1": 245, "2604.17555v2": 253, "2605.03541v1": 258, "2605.11165v1": 245, "2604.01418v1": 274, "2605.12746v1": 262, "2605.10894v1": 249, "2604.01538v1": 250, "2604.01683v1": 249, "2408.10845v3": 255, "2605.09528v1": 244, "2408.07590v1": 249, "2605.12938v1": 275, "2604.17297v1": 262, "2604.01634v1": 278, "2601.05265v1": 249, "2605.16373v1": 273, "Crucial role of non-specific interactions in amyloid nucleation 1412.0897v1": 261, "2605.09486v1": 229, "2605.04522v1": 231, "2605.12906v1": 244, "2605.10906v2": 248, "2605.11015v1": 258, "2409.01294v1": 247, "2605.11145v1": 260, "2504.16770v1": 236, "2605.10933v3": 268, "2605.11153v1": 263, "2605.03689v1": 251, "2504.17565v3": 261, "2605.15202v1": 229, "2604.01787v1": 251, "2604.17709v1": 264, "2604.01560v1": 269, "2604.17739v2": 251, "2605.03962v1": 247, "2408.06482v1": 258, "2604.17207v1": 248, "2511.04237v1": 246, "2605.11109v1": 275, "2408.09184v1": 290, "1501.05928v3": 257, "2605.11148v1": 250, "2504.13404v1": 142, "2409.19312v1": 170, "2604.01745v1": 244, "2408.01257v2": 231, "2410.18993v1": 245, "1501.01439v1": 265, "2604.01705v1": 261, "2408.07655v1": 225, "2605.04620v1": 260, "Differential geometry-based solvation and electrolyte transport models for biomolecular modeling a review 1412.0176v1": 229, "2511.08150v6": 275, "2604.09669v1": 261, "2605.12702v1": 253, "2605.11005v1": 257, "2511.03330v1": 238, "Discovery of superoxide reductase an historical perspective 1412.1235v1": 81, "2605.12805v1": 267, "2605.04443v1": 248, "2505.01800v1": 243, "2410.00571v1": 253, "2504.13629v1": 253, "DNA nanotechnology understanding and optimisation through simulation 1411.1927v1": 235, "2605.12673v1": 261, "2605.12701v1": 253, "2605.09391v2": 255, "2604.17718v1": 263, "2604.00986v2": 271, "2605.09315v1": 249, "2604.17628v2": 272, "2605.04458v1": 258, "2605.09497v1": 276, "2511.10492v3": 260, "2604.17244v1": 267, "2504.11019v2": 248, "2605.09347v1": 259, "2604.00979v2": 247, "2408.11143v1": 266, "2604.17411v1": 257, "1810.13069v2": 254, "2604.17037v1": 253, "2605.10923v2": 260, "2511.04087v2": 283, "2604.17319v1": 270, "2408.13005v2": 260, "2605.12887v1": 250, "2504.18142v1": 258, "2605.09378v1": 228, "1501.00106v1": 266, "1501.07616v1": 258, "1501.02664v1": 265, "2605.11019v1": 251, "2511.08941v2": 269, "2604.17051v1": 250, "2605.04356v1": 262, "2605.10938v1": 264, "1506.02008v1": 250, "2604.01193v1": 270, "2605.12920v2": 270, "2605.12798v1": 256, "2505.01355v1": 249, "2511.04755v1": 253,